"Region/Country/Area","Year","International migrant stock: Both sexes (number)","International migrant stock: Both sexes (% total population)","International migrant stock: Male (% total Population)","International migrant stock: Female (% total Population)","Total refugees and people in refugee-like situations (number)","Asylum seekers, including pending cases (number)","Other of concern to UNHCR (number)","Total population of concern to UNHCR (number)"
"Afghanistan",2005,87314,0.3,0.4,0.3,32,14,159551,159597
"Afghanistan",2010,102276,0.4,0.4,0.3,6434,30,1193523,1199987
"Afghanistan",2015,339432,1,1,1,225714,101,1195604,1421419
"Afghanistan",2020,144098,0.4,0.3,0.4,72290,178,2730389,2802857
"Africa",2005,16040087,1.8,1.9,1.6,NA,NA,NA,NA
"Africa",2010,17806677,1.7,1.8,1.6,NA,NA,NA,NA
"Africa",2015,22860792,1.9,2.1,1.8,4493139,1044031,11530138,17067308
"Africa",2020,25389464,1.9,2,1.8,6999300,617584,24919267,32536151
"Albania",2005,64739,2.1,2.1,2.1,56,35,1,92
"Albania",2010,52784,1.8,1.8,1.8,76,23,NA,99
"Albania",2015,52031,1.8,1.8,1.8,154,501,7443,8098
"Albania",2020,48810,1.7,1.7,1.7,129,2,3492,3623
"Algeria",2005,197728,0.6,0.6,0.5,94101,306,NA,94407
"Algeria",2010,217268,0.6,0.6,0.6,94144,304,NA,94448
"Algeria",2015,239473,0.6,0.6,0.6,94144,5892,NA,100036
"Algeria",2020,250378,0.6,0.6,0.5,97391,1859,NA,99250
"American Samoa",2005,24233,40.7,NA,NA,NA,NA,NA,NA
"American Samoa",2010,23555,42,NA,NA,NA,NA,NA,NA
"American Samoa",2015,23513,42.1,NA,NA,NA,NA,NA,NA
"American Samoa",2020,23608,42.8,NA,NA,NA,NA,NA,NA
"Andorra",2005,50298,63.8,NA,NA,NA,NA,NA,NA
"Andorra",2010,52053,61.6,NA,NA,NA,NA,NA,NA
"Andorra",2015,42264,54.2,NA,NA,NA,NA,NA,NA
"Andorra",2020,45574,59,NA,NA,NA,NA,NA,NA
"Angola",2005,62331,0.3,0.3,0.3,13984,885,45,14914
"Angola",2010,336367,1.4,1.4,1.5,15155,4241,NA,19396
"Angola",2015,632178,2.3,2.2,2.3,15555,30143,2887,45698
"Angola",2020,656434,2,2,2,25562,30288,62,55912
"Anguilla",2005,4684,37.6,NA,NA,NA,NA,NA,NA
"Anguilla",2010,5103,38,NA,NA,NA,NA,NA,NA
"Anguilla",2015,5471,38.3,NA,NA,NA,NA,NA,NA
"Anguilla",2020,5715,38.1,NA,NA,NA,NA,17,17
"Antigua and Barbuda",2005,24741,30.4,28.6,32,NA,NA,NA,NA
"Antigua and Barbuda",2010,26412,30,28,31.9,NA,NA,NA,NA
"Antigua and Barbuda",2015,28082,30,27.8,32,NA,10,NA,10
"Antigua and Barbuda",2020,29386,30,27.8,32.1,1,1,NA,2
"Argentina",2005,1674163,4.3,4.1,4.5,3074,825,2,3901
"Argentina",2010,1805957,4.4,4.2,4.6,3276,947,NA,4223
"Argentina",2015,2086301,4.8,4.6,5.1,3523,897,NA,4420
"Argentina",2020,2281728,5,4.8,5.3,3953,9034,175783,188770
"Armenia",2005,469189,15.7,13.7,17.6,219550,70,NA,219620
"Armenia",2010,211147,7.3,6.4,8.2,3296,23,82525,85844
"Armenia",2015,191199,6.5,5.6,7.3,15690,114,238,16042
"Armenia",2020,190349,6.4,5.6,7.2,17985,164,976,19125
"Aruba",2005,32540,32.5,30.6,34.3,NA,NA,NA,NA
"Aruba",2010,34328,33.8,31.6,35.7,NA,1,NA,1
"Aruba",2015,36114,34.6,32.5,36.5,NA,2,NA,2
"Aruba",2020,53593,50.2,48,52.2,NA,NA,17000,17000
"Asia",2005,53249787,1.3,1.4,1.2,NA,NA,NA,NA
"Asia",2010,66123640,1.6,1.7,1.4,NA,NA,NA,NA
"Asia",2015,77191249,1.7,2,1.5,8178380,320437,19921907,28420724
"Asia",2020,85618502,1.8,2.1,1.6,9904753,624623,18096139,28625515
"Australia",2005,4878030,24.2,24,24.3,64964,1822,8,66794
"Australia",2010,5882980,26.6,26.4,26.7,21805,3760,15,25580
"Australia",2015,6729730,28.1,28,28.2,35582,22837,NA,58419
"Australia",2020,7685860,30.1,30,30.3,58607,78800,NA,137407
"Australia and New Zealand",2005,5717982,23.5,23.4,23.7,NA,NA,NA,NA
"Australia and New Zealand",2010,6830423,25.8,25.6,25.9,NA,NA,NA,NA
"Australia and New Zealand",2015,7769466,27.2,27.1,27.3,NA,NA,NA,NA
"Australia and New Zealand",2020,9067584,29.9,29.7,30.1,NA,NA,NA,NA
"Austria",2005,1127164,13.7,13.4,13.9,21230,40710,830,62770
"Austria",2010,1274901,15.2,14.8,15.5,42630,25625,470,68725
"Austria",2015,1483123,17.1,16.8,17.3,60747,30900,570,92217
"Austria",2020,1738183,19.3,19.1,19.5,137936,23005,1128,162069
"Azerbaijan",2005,301834,3.5,3.2,3.8,3004,115,581194,584313
"Azerbaijan",2010,276901,3.1,2.9,3.2,1891,17,594969,596877
"Azerbaijan",2015,264359,2.7,2.6,2.8,1357,262,626477,628096
"Azerbaijan",2020,252228,2.5,2.4,2.6,1120,63,655911,657094
"Bahamas",2005,45531,14,15,13.1,NA,NA,NA,NA
"Bahamas",2010,54745,15.4,16.2,14.7,28,9,NA,37
"Bahamas",2015,59241,15.8,16.5,15.2,7,19,30,56
"Bahamas",2020,63583,16.2,16.8,15.5,13,13,NA,26
"Bahrain",2005,404018,45.4,54,32.5,NA,15,NA,15
"Bahrain",2010,666406,53.7,62.2,39.6,165,69,NA,234
"Bahrain",2015,722487,52.7,62.5,36.7,277,78,NA,355
"Bahrain",2020,936094,55,63.1,40.2,255,57,NA,312
"Bangladesh",2005,1062270,0.8,0.8,0.7,21098,58,250094,271250
"Bangladesh",2010,1345546,0.9,0.9,0.9,229253,NA,NA,229253
"Bangladesh",2015,1422179,0.9,0.9,0.9,232975,11,NA,232986
"Bangladesh",2020,2115408,1.3,1.3,1.3,860435,28,NA,860463
"Barbados",2005,30624,11.1,10.2,11.9,NA,NA,NA,NA
"Barbados",2010,32825,11.6,10.9,12.3,NA,NA,NA,NA
"Barbados",2015,34475,12.1,11.3,12.8,1,NA,NA,1
"Barbados",2020,34869,12.1,11.3,12.9,NA,8,NA,8
"Belarus",2005,1106982,11.6,11.4,11.8,725,56,12421,13202
"Belarus",2010,1090378,11.6,11.4,11.7,589,66,7734,8389
"Belarus",2015,1082905,11.5,11.3,11.6,1369,257,6302,7928
"Belarus",2020,1067090,11.3,11.1,11.5,2828,105,6296,9229
"Belgium",2005,1248733,11.8,12,11.7,15282,18913,398,34593
"Belgium",2010,1503806,13.7,13.5,14,17892,18288,696,36876
"Belgium",2015,1783488,15.8,15.7,15.9,31115,9396,5267,45778
"Belgium",2020,2005479,17.3,17.1,17.5,61193,26110,10933,98236
"Belize",2005,41438,14.6,14.8,14.4,624,14,NA,638
"Belize",2010,46390,14.4,14.6,14.2,134,30,2,166
"Belize",2015,54615,15.1,15.3,15,NA,146,NA,146
"Belize",2020,62043,15.6,15.8,15.4,28,2174,3430,5632
"Benin",2005,248320,3.1,3.1,3.1,30294,1695,77,32066
"Benin",2010,309225,3.4,3.1,3.6,7139,101,47,7287
"Benin",2015,366284,3.5,3.3,3.7,488,84,NA,572
"Benin",2020,394276,3.3,3.1,3.4,1307,451,NA,1758
"Bermuda",2005,18108,27.3,NA,NA,NA,NA,NA,NA
"Bermuda",2010,18547,28.4,NA,NA,NA,NA,NA,NA
"Bermuda",2015,19212,30.2,NA,NA,NA,NA,NA,NA
"Bermuda",2020,19739,31.7,NA,NA,NA,NA,NA,NA
"Bhutan",2005,40279,6.2,9.6,2.4,NA,NA,NA,NA
"Bhutan",2010,48420,7.1,10.9,2.8,NA,NA,NA,NA
"Bhutan",2015,51106,7,11.3,2.2,NA,NA,NA,NA
"Bhutan",2020,53612,6.9,11.1,2.2,NA,NA,NA,NA
"Bolivia (Plurin. State of)",2005,107745,1.2,1.2,1.1,535,3,2,540
"Bolivia (Plurin. State of)",2010,122846,1.2,1.3,1.2,695,41,3,739
"Bolivia (Plurin. State of)",2015,143008,1.3,1.4,1.3,767,8,NA,775
"Bolivia (Plurin. State of)",2020,164121,1.4,1.5,1.3,1061,345,5322,6728
"Bonaire, St. Eustatius & Saba",2005,14399,100,NA,NA,NA,NA,NA,NA
"Bonaire, St. Eustatius & Saba",2010,20941,100,NA,NA,NA,1,NA,1
"Bonaire, St. Eustatius & Saba",2015,24571,100,NA,NA,NA,NA,NA,NA
"Bonaire, St. Eustatius & Saba",2020,26221,100,NA,NA,NA,NA,NA,NA
"Bosnia and Herzegovina",2005,47287,1.3,1.2,1.3,10568,215,188735,199518
"Bosnia and Herzegovina",2010,38945,1.1,1,1.1,7016,153,171790,178959
"Bosnia and Herzegovina",2015,38597,1.1,1.1,1.2,6805,11,137035,143851
"Bosnia and Herzegovina",2020,36042,1.1,1.1,1.1,5244,444,150480,156168
"Botswana",2005,84661,4.7,5.6,3.8,3109,47,592,3748
"Botswana",2010,94863,4.8,5.6,4,2986,249,111,3346
"Botswana",2015,103053,4.9,5.7,4,2164,248,NA,2412
"Botswana",2020,110268,4.7,5.5,3.9,892,131,7,1030
"Brazil",2005,638582,0.3,0.4,0.3,3458,195,4093,7746
"Brazil",2010,592640,0.3,0.3,0.3,4357,872,8,5237
"Brazil",2015,710304,0.3,0.4,0.3,7762,17902,40338,66002
"Brazil",2020,1079708,0.5,0.6,0.5,50485,209333,148024,407842
"British Virgin Islands",2005,15016,65,NA,NA,NA,NA,NA,NA
"British Virgin Islands",2010,17076,61.4,NA,NA,2,NA,NA,2
"British Virgin Islands",2015,19535,67,NA,NA,NA,NA,NA,NA
"British Virgin Islands",2020,22164,73.3,NA,NA,NA,NA,38,38
"Brunei Darussalam",2005,98441,27,29.6,24.2,NA,NA,NA,NA
"Brunei Darussalam",2010,100587,25.9,28.3,23.3,NA,NA,20992,20992
"Brunei Darussalam",2015,102733,24.8,27,22.4,NA,NA,20524,20524
"Brunei Darussalam",2020,111959,25.6,27.9,23.1,NA,NA,20863,20863
"Bulgaria",2005,61074,0.8,0.7,0.9,4413,805,NA,5218
"Bulgaria",2010,76287,1,0.9,1.1,5530,1412,NA,6942
"Bulgaria",2015,123803,1.7,1.7,1.7,11046,7840,67,18953
"Bulgaria",2020,184363,2.7,2.7,2.6,20688,760,12,21460
"Burkina Faso",2005,597658,4.5,4.3,4.6,511,784,7,1302
"Burkina Faso",2010,674438,4.3,4.1,4.5,531,534,9,1074
"Burkina Faso",2015,704676,3.9,3.7,4.1,34027,180,NA,34207
"Burkina Faso",2020,723989,3.5,3.3,3.6,19837,33,921471,941341
"Burundi",2005,192774,2.6,2.6,2.6,20681,19900,12988,53569
"Burundi",2010,247321,2.9,2.8,2.9,29365,12062,159338,200765
"Burundi",2015,298299,2.9,2.9,3,54126,2733,80851,137710
"Burundi",2020,344767,2.9,2.9,2.9,76887,9080,31172,117139
"Cabo Verde",2005,12700,2.7,2.9,2.6,NA,NA,1,1
"Cabo Verde",2010,14373,2.9,3,2.9,NA,NA,NA,NA
"Cabo Verde",2015,14924,2.8,2.9,2.8,NA,NA,115,115
"Cabo Verde",2020,15788,2.8,2.9,2.8,NA,NA,115,115
"Cambodia",2005,114096,0.9,0.9,0.8,127,68,207,402
"Cambodia",2010,82028,0.6,0.6,0.5,129,51,NA,180
"Cambodia",2015,73962,0.5,0.5,0.4,80,33,131,244
"Cambodia",2020,79341,0.5,0.5,0.4,NA,27,57444,57471
"Cameroon",2005,265503,1.5,1.7,1.3,52042,6766,7444,66252
"Cameroon",2010,291474,1.4,1.6,1.3,104275,2383,66,106724
"Cameroon",2015,508346,2.2,2.2,2.2,302293,7835,81693,391821
"Cameroon",2020,579209,2.2,2.2,2.2,414855,9886,1362138,1786879
"Canada",2005,6078985,18.9,18.3,19.5,147171,20552,12,167735
"Canada",2010,6761226,19.8,19.1,20.5,165549,51025,7,216581
"Canada",2015,7428657,20.6,19.8,21.4,135888,19951,NA,155839
"Canada",2020,8049323,21.3,20.4,22.2,106047,99520,3790,209357
"Caribbean",2005,1275731,3.2,3.3,3.1,NA,NA,NA,NA
"Caribbean",2010,1338893,3.2,3.4,3.1,NA,NA,NA,NA
"Caribbean",2015,1501081,3.5,3.8,3.3,NA,NA,NA,NA
"Caribbean",2020,1605148,3.7,4,3.4,NA,NA,NA,NA
"Cayman Islands",2005,20679,42,NA,NA,NA,NA,NA,NA
"Cayman Islands",2010,24062,42.5,NA,NA,1,4,NA,5
"Cayman Islands",2015,26193,42.4,NA,NA,6,1,100,107
"Cayman Islands",2020,29242,44.5,NA,NA,40,9,57,106
"Central African Republic",2005,96409,2.4,2.6,2.2,24569,1960,2167,28696
"Central African Republic",2010,94685,2.2,2.3,2,21574,1219,192531,215324
"Central African Republic",2015,81568,1.8,1.9,1.7,7906,394,508904,517204
"Central African Republic",2020,88546,1.8,1.9,1.7,8664,288,734486,743438
"Central America",2005,1378041,0.9,1,0.9,NA,NA,NA,NA
"Central America",2010,1751028,1.1,1.1,1.1,NA,NA,NA,NA
"Central America",2015,1860215,1.1,1.1,1.1,NA,NA,NA,NA
"Central America",2020,2302001,1.3,1.3,1.2,NA,NA,NA,NA
"Central Asia",2005,5235877,9,8.4,9.5,NA,NA,NA,NA
"Central Asia",2010,5264938,8.4,8,8.7,NA,NA,NA,NA
"Central Asia",2015,5392792,7.9,7.7,8.1,NA,NA,NA,NA
"Central Asia",2020,5564042,7.5,7.3,7.7,NA,NA,NA,NA
"Chad",2005,352130,3.5,3.2,3.8,275412,68,NA,275480
"Chad",2010,417034,3.5,3.1,3.8,347939,110,185000,533049
"Chad",2015,466968,3.3,3.1,3.6,420774,2749,50000,473523
"Chad",2020,547494,3.3,3,3.6,472110,3905,344537,820552
"Channel Islands",2005,70941,46.8,45.2,48.3,NA,NA,NA,NA
"Channel Islands",2010,77581,48.6,47,50.1,NA,NA,NA,NA
"Channel Islands",2015,82307,49.8,48.1,51.4,NA,NA,NA,NA
"Channel Islands",2020,84087,48.4,46.7,50,NA,NA,NA,NA
"Chile",2005,276360,1.7,1.7,1.8,806,107,NA,913
"Chile",2010,375388,2.2,2.1,2.3,1621,274,NA,1895
"Chile",2015,639724,3.6,3.6,3.5,1798,719,NA,2517
"Chile",2020,1645015,8.6,8.8,8.4,2060,8970,456522,467552
"China",2005,678947,0.1,0.1,0,301041,84,1,301126
"China",2010,849861,0.1,0.1,0.1,300986,122,NA,301108
"China",2015,978046,0.1,0.1,0.1,301057,564,NA,301621
"China",2020,1039675,0.1,0.1,0.1,303396,723,NA,304119
"China, Hong Kong SAR",2005,2721235,40.2,36.4,43.7,1934,1097,NA,3031
"China, Hong Kong SAR",2010,2779950,39.9,35,44.2,154,486,3,643
"China, Hong Kong SAR",2015,2841113,39.5,33.6,44.6,151,9940,1,10092
"China, Hong Kong SAR",2020,2962492,39.5,32.2,45.7,220,NA,NA,220
"China, Macao SAR",2005,279308,57.8,56.8,58.8,NA,NA,NA,NA
"China, Macao SAR",2010,318506,59.2,56.7,61.5,NA,9,1,10
"China, Macao SAR",2015,376066,62.5,60.4,64.3,NA,6,NA,6
"China, Macao SAR",2020,403490,62.1,60,64.1,NA,2,NA,2
"Colombia",2005,106523,0.2,0.3,0.2,155,41,2000009,2000205
"Colombia",2010,130309,0.3,0.3,0.3,212,167,3672065,3672444
"Colombia",2015,159407,0.3,0.4,0.3,219,56,6520304,6520579
"Colombia",2020,1905393,3.7,3.8,3.7,665,14951,9806596,9822212
"Comoros",2005,13209,2.2,2,2.3,1,NA,NA,1
"Comoros",2010,12618,1.8,1.7,1.9,NA,NA,NA,NA
"Comoros",2015,12555,1.6,1.5,1.7,NA,NA,NA,NA
"Comoros",2020,12496,1.4,1.4,1.5,NA,NA,NA,NA
"Congo",2005,318724,8.8,9.6,8,66075,3486,8079,77640
"Congo",2010,425173,9.9,10.9,9,133112,5524,59,138695
"Congo",2015,390142,8,8.8,7.2,61492,3248,1070,65810
"Congo",2020,387606,7,7.7,6.4,26708,13698,146247,186653
"Cook Islands",2005,3277,17.2,NA,NA,NA,NA,NA,NA
"Cook Islands",2010,3769,20.5,NA,NA,NA,NA,NA,NA
"Cook Islands",2015,4168,23.7,NA,NA,NA,NA,NA,NA
"Cook Islands",2020,4579,26.1,NA,NA,NA,NA,NA,NA
"Costa Rica",2005,358398,8.4,8.2,8.5,11253,223,NA,11476
"Costa Rica",2010,405779,8.9,8.6,9.2,19505,375,40,19920
"Costa Rica",2015,411697,8.5,8.1,8.8,3475,1819,2613,7907
"Costa Rica",2020,520729,10.2,10.4,10.1,8738,90614,22517,121869
"Croatia",2005,579273,13.2,12.9,13.6,2927,8,7932,10867
"Croatia",2010,573248,13.2,12.9,13.6,936,81,24463,25480
"Croatia",2015,561093,13.3,12.8,13.7,710,90,16684,17484
"Croatia",2020,528056,12.9,12.4,13.3,936,263,6884,8083
"Cuba",2005,11693,0.1,0.1,0.1,706,32,NA,738
"Cuba",2010,7373,0.1,0.1,0.1,411,11,1,423
"Cuba",2015,4649,0,0,0,313,12,NA,325
"Cuba",2020,3024,0,0,0,239,27,NA,266
"Curaçao",2010,34630,23.2,20.7,25.3,7,2,NA,9
"Curaçao",2015,37611,23.5,21.1,25.6,44,41,NA,85
"Curaçao",2020,57210,34.9,33.1,36.4,63,321,16691,17075
"Cyprus",2005,122849,12,10.3,13.7,701,13067,1,13769
"Cyprus",2010,188472,16.9,14.8,19,3394,5396,NA,8790
"Cyprus",2015,176693,15.2,13.3,17.1,5763,2339,6000,14102
"Cyprus",2020,190366,15.8,14.2,17.3,12981,19638,4000,36619
"Czechia",2005,322540,3.1,3.6,2.7,1802,924,NA,2726
"Czechia",2010,398493,3.8,4.6,3,2449,1065,1,3515
"Czechia",2015,416454,3.9,4.6,3.3,3137,409,1502,5048
"Czechia",2020,540921,5.1,5.9,4.2,2130,1364,1810,5304
"Côte d’Ivoire",2005,2265090,12.3,13.4,11.3,41627,2443,71050,115120
"Côte d’Ivoire",2010,2366537,11.5,12.6,10.4,26218,256,538068,564542
"Côte d’Ivoire",2015,2470613,10.6,11.6,9.6,1972,667,724131,726770
"Côte d’Ivoire",2020,2564857,9.7,10.7,8.8,2071,244,955415,957730
"Dem. People's Rep. Korea",2005,40097,0.2,0.2,0.2,NA,NA,NA,NA
"Dem. People's Rep. Korea",2010,44010,0.2,0.2,0.2,NA,NA,NA,NA
"Dem. People's Rep. Korea",2015,48458,0.2,0.2,0.2,NA,NA,NA,NA
"Dem. People's Rep. Korea",2020,49549,0.2,0.2,0.2,NA,NA,NA,NA
"Dem. Rep. of the Congo",2005,623009,1.1,1.1,1.2,204341,140,47435,251916
"Dem. Rep. of the Congo",2010,589882,0.9,0.9,0.9,166336,932,2196591,2363859
"Dem. Rep. of the Congo",2015,810018,1.1,1,1.1,160271,1124,1839611,2001006
"Dem. Rep. of the Congo",2020,952871,1.1,1,1.1,525586,2781,5701305,6229672
"Denmark",2005,440383,8.1,7.9,8.3,44374,510,573,45457
"Denmark",2010,500772,9,8.8,9.2,17922,3363,3238,24523
"Denmark",2015,595876,10.5,10.3,10.6,17785,4566,4984,27335
"Denmark",2020,717574,12.4,12.3,12.5,37084,1852,8672,47608
"Djibouti",2005,92110,11.8,13,10.5,10456,19,7668,18143
"Djibouti",2010,102307,12.2,12,12.4,15104,732,7,15843
"Djibouti",2015,112351,12.3,12.2,12.4,14787,2586,NA,17373
"Djibouti",2020,119738,12.1,12.1,12.1,19869,11197,NA,31066
"Dominica",2005,4744,6.7,NA,NA,NA,NA,NA,NA
"Dominica",2010,8110,11.4,NA,NA,NA,NA,NA,NA
"Dominica",2015,8093,11.4,NA,NA,NA,NA,NA,NA
"Dominica",2020,8284,11.5,NA,NA,NA,3,1,4
"Dominican Republic",2005,375417,4.1,5,3.3,NA,NA,NA,NA
"Dominican Republic",2010,395479,4.1,4.9,3.2,599,1759,NA,2358
"Dominican Republic",2015,549289,5.3,6.9,3.8,609,752,133770,135131
"Dominican Republic",2020,603794,5.6,7.1,4.1,168,605,30333,31106
"Eastern Africa",2005,4788649,1.6,1.7,1.5,NA,NA,NA,NA
"Eastern Africa",2010,4743657,1.4,1.4,1.4,NA,NA,NA,NA
"Eastern Africa",2015,6696922,1.7,1.7,1.7,NA,NA,NA,NA
"Eastern Africa",2020,7682801,1.7,1.7,1.7,NA,NA,NA,NA
"Eastern Asia",2005,6228684,0.4,0.4,0.4,NA,NA,NA,NA
"Eastern Asia",2010,7062527,0.4,0.4,0.5,NA,NA,NA,NA
"Eastern Asia",2015,7866663,0.5,0.4,0.5,NA,NA,NA,NA
"Eastern Asia",2020,8975729,0.5,0.5,0.6,NA,NA,NA,NA
"Eastern Europe",2005,19744557,6.6,6.7,6.6,NA,NA,NA,NA
"Eastern Europe",2010,19110686,6.5,6.5,6.4,NA,NA,NA,NA
"Eastern Europe",2015,19833989,6.7,6.8,6.7,NA,NA,NA,NA
"Eastern Europe",2020,20835402,7.1,7.2,7,NA,NA,NA,NA
"Ecuador",2005,189893,1.4,1.4,1.3,10063,2489,250001,262553
"Ecuador",2010,375253,2.5,2.6,2.4,121249,49887,NA,171136
"Ecuador",2015,387513,2.4,2.5,2.3,121535,11583,NA,133118
"Ecuador",2020,784787,4.4,4.6,4.3,105193,27837,365841,498871
"Egypt",2005,285006,0.4,0.4,0.3,88946,11005,203,100154
"Egypt",2010,310017,0.4,0.4,0.3,95056,14303,570,109929
"Egypt",2015,353641,0.4,0.4,0.3,226344,30019,21,256384
"Egypt",2020,543937,0.5,0.6,0.5,269312,59524,NA,328836
"El Salvador",2005,36029,0.6,0.6,0.6,49,1,44,94
"El Salvador",2010,40342,0.7,0.7,0.7,38,18,NA,56
"El Salvador",2015,42059,0.7,0.7,0.7,48,NA,NA,48
"El Salvador",2020,42767,0.7,0.7,0.7,52,47,72710,72809
"Equatorial Guinea",2005,6588,0.9,0.9,0.9,NA,NA,NA,NA
"Equatorial Guinea",2010,8658,0.9,0.9,0.9,NA,NA,NA,NA
"Equatorial Guinea",2015,209611,17.9,25,9.2,NA,NA,NA,NA
"Equatorial Guinea",2020,230618,16.4,22.8,8.5,NA,NA,NA,NA
"Eritrea",2005,15905,0.6,0.6,0.5,4418,1591,31,6040
"Eritrea",2010,15813,0.5,0.5,0.4,4809,137,13,4959
"Eritrea",2015,15941,0.5,0.5,0.4,2944,1,22,2967
"Eritrea",2020,13934,0.4,0.4,0.3,199,NA,18,217
"Estonia",2005,233701,17.2,15,19.2,7,8,136000,136015
"Estonia",2010,217890,16.4,14.1,18.3,39,10,100983,101032
"Estonia",2015,194664,14.8,13,16.4,117,117,86522,86756
"Estonia",2020,199277,15,13.8,16.1,296,18,74288,74602
"Eswatini",2005,33392,3.2,3.6,3,760,256,NA,1016
"Eswatini",2010,32637,3.1,3.3,2.8,759,NA,NA,759
"Eswatini",2015,32352,2.9,3.1,2.8,539,321,4,864
"Eswatini",2020,32858,2.8,3,2.7,953,1049,NA,2002
"Ethiopia",2005,514451,0.7,0.7,0.6,100817,209,4110,105136
"Ethiopia",2010,568748,0.6,0.7,0.6,154295,1028,47,155370
"Ethiopia",2015,1161642,1.2,1.2,1.1,702467,2871,348,705686
"Ethiopia",2020,1085517,0.9,0.9,1,770755,1853,1746657,2519265
"Europe",2005,63585731,8.7,8.8,8.7,NA,NA,NA,NA
"Europe",2010,70627160,9.6,9.6,9.6,NA,NA,NA,NA
"Europe",2015,74759083,10.1,10,10.1,1626214,678737,2368815,4673766
"Europe",2020,86706068,11.6,11.6,11.6,2961347,839310,3334420,7135077
"Falkland Islands (Malvinas)",2005,1166,39.5,NA,NA,NA,NA,NA,NA
"Falkland Islands (Malvinas)",2010,1436,49.5,NA,NA,NA,NA,NA,NA
"Falkland Islands (Malvinas)",2015,1571,55.4,NA,NA,NA,NA,NA,NA
"Falkland Islands (Malvinas)",2020,1957,56.2,NA,NA,NA,NA,NA,NA
"Faroe Islands",2005,4583,9.6,NA,NA,NA,NA,NA,NA
"Faroe Islands",2010,5096,10.7,NA,NA,NA,NA,NA,NA
"Faroe Islands",2015,5485,11.4,NA,NA,NA,NA,NA,NA
"Faroe Islands",2020,6812,13.9,NA,NA,NA,NA,NA,NA
"Fiji",2005,12434,1.5,1.6,1.5,NA,NA,NA,NA
"Fiji",2010,13357,1.6,1.6,1.5,1,6,NA,7
"Fiji",2015,13751,1.6,1.7,1.5,12,8,NA,20
"Fiji",2020,14087,1.6,1.7,1.5,16,5,NA,21
"Finland",2005,192169,3.7,3.7,3.6,11809,NA,849,12658
"Finland",2010,228481,4.3,4.4,4.1,8724,2097,3133,13954
"Finland",2015,314856,5.7,5.9,5.6,11798,2622,1928,16348
"Finland",2020,386052,7,7.3,6.7,23626,6878,2801,33305
"France",2005,6737600,11,11.2,10.9,137316,41279,946,179541
"France",2010,7309986,11.6,11.7,11.6,200687,48576,1171,250434
"France",2015,7878338,12.2,12.2,12.3,264972,53827,1290,320089
"France",2020,8524876,13.1,13.1,13,419603,103771,1531,524905
"French Guiana",2005,86468,42.6,42.5,42.7,NA,NA,NA,NA
"French Guiana",2010,96288,41.3,40,42.7,NA,NA,NA,NA
"French Guiana",2015,106108,40.7,39.1,42.2,NA,NA,NA,NA
"French Guiana",2020,119249,39.9,38.3,41.5,NA,NA,NA,NA
"French Polynesia",2005,32286,12.5,13.9,11,NA,NA,NA,NA
"French Polynesia",2010,31640,11.9,13.2,10.5,NA,NA,NA,NA
"French Polynesia",2015,30058,11,12.4,9.6,NA,NA,NA,NA
"French Polynesia",2020,30081,10.7,12.1,9.3,NA,NA,NA,NA
"Gabon",2005,233824,16.8,19.4,14.2,8545,4843,291,13679
"Gabon",2010,270829,16.7,19.3,14,9015,4132,84,13231
"Gabon",2015,378686,19.4,24.6,14.1,1008,1886,NA,2894
"Gabon",2020,416651,18.7,23.7,13.6,475,82,NA,557
"Gambia",2005,181839,11.8,12.5,11,7330,602,42,7974
"Gambia",2010,185837,10.4,11,9.7,8378,74,31,8483
"Gambia",2015,192540,9.2,9.8,8.7,11773,2,NA,11775
"Gambia",2020,215659,8.9,9.5,8.4,4399,212,NA,4611
"Georgia",2005,71296,1.7,1.6,1.8,2497,8,236097,238602
"Georgia",2010,73078,1.8,1.6,1.9,639,44,361547,362230
"Georgia",2015,76685,1.9,1.7,2.1,1659,587,266060,268306
"Georgia",2020,79368,2,1.8,2.1,1355,1344,288284,290983
"Germany",2005,9402447,11.5,11.7,11.3,700016,71624,12340,783980
"Germany",2010,9812263,12.1,12.2,12,594269,51991,24378,670638
"Germany",2015,10220418,12.5,12.5,12.5,250299,311551,11978,573828
"Germany",2020,15762457,18.8,19.1,18.6,1111344,295205,15320,1421869
"Ghana",2005,309932,1.4,1.4,1.4,53537,5496,1212,60245
"Ghana",2010,337766,1.4,1.4,1.3,13828,749,184,14761
"Ghana",2015,414744,1.5,1.6,1.4,18476,2855,NA,21331
"Ghana",2020,476412,1.5,1.6,1.4,12050,1259,NA,13309
"Gibraltar",2005,9211,27.7,NA,NA,NA,NA,NA,NA
"Gibraltar",2010,10369,30.9,NA,NA,NA,NA,NA,NA
"Gibraltar",2015,11065,32.8,NA,NA,NA,NA,NA,NA
"Gibraltar",2020,11190,33.2,NA,NA,NA,NA,NA,NA
"Greece",2005,1190707,10.6,10.6,10.6,2390,8867,3000,14257
"Greece",2010,1321149,12.1,12,12.3,1444,55724,260,57428
"Greece",2015,1242924,11.7,10.9,12.4,8231,29157,214,37602
"Greece",2020,1340456,12.9,12.6,13.1,91952,80802,4734,177488
"Greenland",2005,6556,11.5,NA,NA,NA,NA,NA,NA
"Greenland",2010,6091,10.8,NA,NA,NA,NA,NA,NA
"Greenland",2015,6009,10.7,NA,NA,NA,NA,NA,NA
"Greenland",2020,5899,10.4,NA,NA,NA,NA,NA,NA
"Grenada",2005,6902,6.6,6.5,6.7,NA,NA,NA,NA
"Grenada",2010,6980,6.6,6.5,6.7,NA,3,NA,3
"Grenada",2015,7057,6.4,6.3,6.5,NA,NA,NA,NA
"Grenada",2020,7213,6.4,5.8,7,3,NA,NA,3
"Guadeloupe",2005,89065,22.1,21.7,22.5,NA,NA,NA,NA
"Guadeloupe",2010,94942,23.4,22.7,24,NA,NA,NA,NA
"Guadeloupe",2015,90956,22.7,20.9,24.3,NA,NA,NA,NA
"Guadeloupe",2020,90206,22.5,20.5,24.3,NA,NA,NA,NA
"Guam",2005,74743,47.2,47.8,46.5,NA,NA,NA,NA
"Guam",2010,75416,47.3,48,46.5,NA,NA,NA,NA
"Guam",2015,76089,47,47.9,46.1,NA,NA,NA,NA
"Guam",2020,80472,47.7,48.8,46.6,NA,NA,NA,NA
"Guatemala",2005,57214,0.4,0.4,0.5,391,3,NA,394
"Guatemala",2010,66386,0.5,0.4,0.5,138,2,NA,140
"Guatemala",2015,74852,0.5,0.4,0.5,202,73,NA,275
"Guatemala",2020,84311,0.5,0.5,0.5,467,733,27650,28850
"Guinea",2005,233419,2.6,2.6,2.5,63525,3808,29645,96978
"Guinea",2010,178762,1.8,1.9,1.6,14113,764,117,14994
"Guinea",2015,126657,1.1,1.4,0.9,8704,293,NA,8997
"Guinea",2020,121437,0.9,1.1,0.7,5249,3435,NA,8684
"Guinea-Bissau",2005,20902,1.6,1.6,1.5,7616,166,NA,7782
"Guinea-Bissau",2010,21391,1.4,1.4,1.4,7679,330,5,8014
"Guinea-Bissau",2015,22333,1.3,1.3,1.3,8684,123,NA,8807
"Guinea-Bissau",2020,17945,0.9,0.9,0.9,1605,36,NA,1641
"Guyana",2005,10868,1.5,1.6,1.4,NA,NA,NA,NA
"Guyana",2010,8182,1.1,1.2,1,7,NA,NA,7
"Guyana",2015,8661,1.1,1.2,1,11,1,NA,12
"Guyana",2020,31169,4,3.7,4.3,26,62,23330,23418
"Haiti",2005,16360,0.2,0.2,0.2,NA,NA,NA,NA
"Haiti",2010,17182,0.2,0.2,0.2,NA,4,NA,4
"Haiti",2015,18047,0.2,0.2,0.1,5,5,NA,10
"Haiti",2020,18884,0.2,0.2,0.1,2,6,NA,8
"Holy See",2005,798,100,NA,NA,NA,NA,NA,NA
"Holy See",2010,783,100,NA,NA,NA,NA,NA,NA
"Holy See",2015,790,100,NA,NA,NA,NA,NA,NA
"Holy See",2020,809,100,NA,NA,NA,NA,NA,NA
"Honduras",2005,27934,0.4,0.4,0.4,22,50,NA,72
"Honduras",2010,27288,0.3,0.3,0.3,14,NA,1,15
"Honduras",2015,38330,0.4,0.4,0.4,23,19,NA,42
"Honduras",2020,39195,0.4,0.4,0.4,76,110,248972,249158
"Hungary",2005,366787,3.6,3.6,3.6,8046,684,192,8922
"Hungary",2010,436616,4.4,4.5,4.3,5414,367,62,5843
"Hungary",2015,475508,4.9,5.1,4.7,4192,24431,128,28751
"Hungary",2020,584567,6.1,6.6,5.6,5860,66,77,6003
"Iceland",2005,25492,8.6,8.4,8.9,293,29,53,375
"Iceland",2010,35091,11,10.9,11,83,39,113,235
"Iceland",2015,39072,11.8,11.5,12.2,104,225,119,448
"Iceland",2020,65424,19.2,20.8,17.5,924,280,48,1252
"India",2005,5936740,0.5,0.5,0.5,139283,303,2792,142378
"India",2010,5574018,0.5,0.4,0.5,184821,3746,5109,193676
"India",2015,5210847,0.4,0.4,0.4,200383,5381,NA,205764
"India",2020,4878704,0.4,0.3,0.4,229370,11974,NA,241344
"Indonesia",2005,289310,0.1,0.1,0.1,89,58,263,410
"Indonesia",2010,307487,0.1,0.1,0.1,811,2071,12,2894
"Indonesia",2015,338124,0.1,0.2,0.1,5277,7911,NA,13188
"Indonesia",2020,355505,0.1,0.2,0.1,10255,3286,NA,13541
"Iran (Islamic Republic of)",2005,2552206,3.7,3.9,3.4,974302,140,344914,1319356
"Iran (Islamic Republic of)",2010,2722397,3.7,4,3.4,1073366,1775,10168,1085309
"Iran (Islamic Republic of)",2015,2729939,3.5,3.7,3.2,979441,42,8,979491
"Iran (Islamic Republic of)",2020,2797235,3.3,3.6,3.1,979435,33,1,979469
"Iraq",2005,134863,0.5,0.6,0.4,50177,1948,1526104,1578229
"Iraq",2010,120466,0.4,0.5,0.3,34655,3073,1758603,1796331
"Iraq",2015,359352,1,1.2,0.9,288035,7420,4016205,4311660
"Iraq",2020,365766,0.9,1,0.8,273581,12885,1550283,1836749
"Ireland",2005,589046,14.2,15,13.5,7113,2414,4,9531
"Ireland",2010,730542,16,15.9,16.2,9107,5129,1,14237
"Ireland",2015,759256,16.3,16.3,16.3,6125,4267,100,10492
"Ireland",2020,871256,17.6,17.7,17.6,8195,7502,99,15796
"Isle of Man",2005,41475,51.7,NA,NA,NA,NA,NA,NA
"Isle of Man",2010,43447,51.2,NA,NA,NA,NA,NA,NA
"Isle of Man",2015,42238,50.7,NA,NA,NA,NA,NA,NA
"Isle of Man",2020,43040,50.6,NA,NA,NA,NA,NA,NA
"Israel",2005,1889503,28.9,26.9,30.9,609,939,NA,1548
"Israel",2010,1956190,26.6,24.6,28.6,25471,5575,9,31055
"Israel",2015,2011727,25.2,23.1,27.3,38500,6591,88,45179
"Israel",2020,1953575,22.6,20.6,24.5,2835,36823,16819,56477
"Italy",2005,3954790,6.8,6.4,7.1,20675,NA,940,21615
"Italy",2010,5787893,9.8,9.3,10.2,56397,4076,858,61331
"Italy",2015,5805328,9.6,9,10.2,93715,48307,606,142628
"Italy",2020,6386998,10.6,10.1,11,211457,57121,15726,284304
"Jamaica",2005,24284,0.9,0.9,0.9,NA,NA,NA,NA
"Jamaica",2010,23677,0.8,0.9,0.8,21,NA,NA,21
"Jamaica",2015,23165,0.8,0.8,0.8,15,3,NA,18
"Jamaica",2020,23629,0.8,0.8,0.8,33,4,67,104
"Japan",2005,2011555,1.6,1.5,1.7,1941,533,1770,4244
"Japan",2010,2134151,1.7,1.5,1.8,2586,3047,1397,7030
"Japan",2015,2232189,1.7,1.7,1.8,2419,10705,631,13755
"Japan",2020,2770996,2.2,2.2,2.2,1238,28695,696,30629
"Jordan",2005,2198740,38.1,37.6,38.7,965,16570,329,17864
"Jordan",2010,2786853,38.4,38.3,38.5,450915,2159,107,453181
"Jordan",2015,3166961,34.2,34,34.4,664102,20693,NA,684795
"Jordan",2020,3457691,33.9,34,33.8,697248,50079,977,748304
"Kazakhstan",2005,3103027,20.1,19.9,20.4,7265,65,50598,57928
"Kazakhstan",2010,3334937,20.5,20.7,20.4,4406,314,7969,12689
"Kazakhstan",2015,3546060,20.2,20.7,19.7,662,149,7038,7849
"Kazakhstan",2020,3732073,19.9,20.3,19.5,510,262,7758,8530
"Kenya",2005,773354,2.1,2.2,2,251271,16460,481,268212
"Kenya",2010,954925,2.3,2.3,2.3,402905,27966,320083,750954
"Kenya",2015,1126886,2.4,2.4,2.3,552272,40341,21231,613844
"Kenya",2020,1050147,2,2,1.9,443338,51583,18500,513421
"Kiribati",2005,2487,2.7,2.9,2.5,NA,NA,NA,NA
"Kiribati",2010,2868,2.8,3,2.6,NA,NA,NA,NA
"Kiribati",2015,2919,2.6,2.8,2.4,NA,NA,NA,NA
"Kiribati",2020,3126,2.6,2.8,2.4,NA,NA,NA,NA
"Kuwait",2005,1333530,58.7,68.5,44.6,1523,203,101000,102726
"Kuwait",2010,1874812,62.7,75.9,44.6,184,3275,93000,96459
"Kuwait",2015,2866136,74.7,84.3,61,593,1040,93000,94633
"Kuwait",2020,3110159,72.8,78.9,63.2,713,1048,92016,93777
"Kyrgyzstan",2005,309399,6.1,5.1,7.1,2598,498,100004,103100
"Kyrgyzstan",2010,232065,4.3,3.5,5,2458,554,301164,304176
"Kyrgyzstan",2015,204382,3.4,2.8,4,433,168,13678,14279
"Kyrgyzstan",2020,199011,3.1,2.5,3.6,349,255,33,637
"Lao People's Dem. Rep.",2005,20371,0.4,0.4,0.3,NA,NA,NA,NA
"Lao People's Dem. Rep.",2010,32955,0.5,0.6,0.4,NA,NA,NA,NA
"Lao People's Dem. Rep.",2015,45538,0.7,0.9,0.5,NA,NA,NA,NA
"Lao People's Dem. Rep.",2020,48731,0.7,0.9,0.5,1,1,NA,2
"Latin America & the Caribbean",2005,7184113,1.3,1.3,1.3,NA,NA,NA,NA
"Latin America & the Caribbean",2010,8326588,1.4,1.4,1.4,NA,NA,NA,NA
"Latin America & the Caribbean",2015,9441503,1.5,1.5,1.5,336552,37378,6697290,7071220
"Latin America & the Caribbean",2020,14794623,2.3,2.3,2.2,NA,NA,NA,NA
"Latvia",2005,376725,16.7,15,18.2,11,9,418638,418658
"Latvia",2010,313786,14.8,12.8,16.5,68,53,326906,327027
"Latvia",2015,265418,13.3,11.4,14.9,195,171,262802,263168
"Latvia",2020,239422,12.7,11.2,14,627,33,216851,217511
"Lebanon",2005,742243,15.8,16,15.6,1078,1450,451,2979
"Lebanon",2010,793191,16,16.4,15.6,8063,1417,40,9520
"Lebanon",2015,1916259,29.3,28,30.7,1172388,10851,5813,1189052
"Lebanon",2020,1712762,25.1,24.4,25.8,889708,11525,7531,908764
"Lesotho",2005,6290,0.3,0.4,0.3,NA,NA,NA,NA
"Lesotho",2010,6414,0.3,0.4,0.3,NA,NA,NA,NA
"Lesotho",2015,9152,0.4,0.5,0.4,44,1,NA,45
"Lesotho",2020,12060,0.6,0.6,0.5,225,111,NA,336
"Liberia",2005,87217,2.7,3.2,2.2,10168,29,498604,508801
"Liberia",2010,99165,2.5,2.9,2.2,24743,28,1855,26626
"Liberia",2015,112111,2.5,2.9,2.2,38904,18,1486,40408
"Liberia",2020,87947,1.7,2,1.5,8200,31,1,8232
"Libya",2005,625412,10.8,14.9,6.4,12166,200,35,12401
"Libya",2010,687192,11.1,15.5,6.5,7923,3194,37,11154
"Libya",2015,771146,12,16.9,7,27948,8904,434869,471721
"Libya",2020,826537,12,17.1,6.8,5170,44290,411453,460913
"Liechtenstein",2005,18898,54.4,NA,NA,150,60,NA,210
"Liechtenstein",2010,22342,62.1,NA,NA,92,44,6,142
"Liechtenstein",2015,23799,63.5,NA,NA,107,75,2,184
"Liechtenstein",2020,25877,67.9,NA,NA,136,30,NA,166
"Lithuania",2005,201209,6,6.1,6,531,55,8709,9295
"Lithuania",2010,160772,5.1,4.8,5.4,803,71,3679,4553
"Lithuania",2015,136021,4.6,4.3,5,1055,54,3583,4692
"Lithuania",2020,145184,5.3,5.8,4.9,1872,275,2904,5051
"Luxembourg",2005,150618,32.9,33.2,32.6,1822,NA,74,1896
"Luxembourg",2010,163142,32.1,32.3,32,3254,697,173,4124
"Luxembourg",2015,248888,43.9,44.3,43.5,1192,831,81,2104
"Luxembourg",2020,298062,47.6,47.9,47.3,2652,1800,83,4535
"Madagascar",2005,26058,0.1,0.2,0.1,NA,NA,NA,NA
"Madagascar",2010,28905,0.1,0.2,0.1,NA,NA,1,1
"Madagascar",2015,32075,0.1,0.2,0.1,10,9,NA,19
"Madagascar",2020,35563,0.1,0.1,0.1,114,195,NA,309
"Malawi",2005,221661,1.8,1.7,1.8,4240,5331,49,9620
"Malawi",2010,217722,1.5,1.5,1.5,5740,9362,131,15233
"Malawi",2015,197328,1.2,1.1,1.2,8963,13669,NA,22632
"Malawi",2020,191362,1,1,1,14317,33169,243,47729
"Malaysia",2005,1918504,7.5,8.6,6.3,33693,10838,61555,106086
"Malaysia",2010,2417395,8.6,10.1,6.9,81516,11339,120015,212870
"Malaysia",2015,3280681,10.8,12.8,8.7,97573,54400,120000,271973
"Malaysia",2020,3476560,10.7,13,8.4,129396,49691,9040,188127
"Maldives",2005,45045,14.1,16.2,11.8,NA,NA,NA,NA
"Maldives",2010,54659,14.9,21,7.8,NA,NA,NA,NA
"Maldives",2015,64273,14.1,20.8,4.3,NA,NA,NA,NA
"Maldives",2020,70079,13,17.9,4.4,NA,NA,NA,NA
"Mali",2005,258630,2,2.1,2,11233,1833,NA,13066
"Mali",2010,341078,2.3,2.3,2.2,13558,1703,NA,15261
"Mali",2015,420504,2.4,2.4,2.4,14970,386,132953,148309
"Mali",2020,485829,2.4,2.4,2.4,44814,972,277578,323364
"Malta",2005,24560,6.1,5.9,6.2,1939,149,NA,2088
"Malta",2010,33008,8,8.3,7.6,6136,1295,NA,7431
"Malta",2015,52642,12.1,13.1,11.2,6095,425,NA,6520
"Malta",2020,114760,26,29.8,22.1,9091,3735,NA,12826
"Marshall Islands",2005,2417,4.4,NA,NA,NA,NA,NA,NA
"Marshall Islands",2010,3089,5.5,NA,NA,NA,NA,NA,NA
"Marshall Islands",2015,3284,5.7,NA,NA,NA,NA,NA,NA
"Marshall Islands",2020,3298,5.6,NA,NA,NA,NA,NA,NA
"Martinique",2005,57034,14.4,14,14.7,NA,NA,NA,NA
"Martinique",2010,59575,15.1,14.4,15.6,NA,NA,NA,NA
"Martinique",2015,69174,18.3,16.8,19.5,NA,NA,NA,NA
"Martinique",2020,68624,18.3,16.9,19.5,NA,NA,NA,NA
"Mauritania",2005,58211,1.9,2.2,1.7,632,92,29500,30224
"Mauritania",2010,84920,2.4,2.8,2.1,26717,241,9,26967
"Mauritania",2015,166552,4.1,4.6,3.6,76851,407,NA,77258
"Mauritania",2020,182286,3.9,4.4,3.4,90404,1395,NA,91799
"Mauritius",2005,19647,1.6,1.5,1.7,NA,NA,NA,NA
"Mauritius",2010,24836,2,2.1,1.9,NA,NA,NA,NA
"Mauritius",2015,28585,2.3,2.5,2,NA,NA,NA,NA
"Mauritius",2020,28893,2.3,2.6,2,20,7,NA,27
"Mayotte",2005,63176,35.5,35.7,35.2,NA,NA,NA,NA
"Mayotte",2010,72757,34.9,33.8,35.9,NA,NA,NA,NA
"Mayotte",2015,81386,33.9,31.9,35.8,NA,NA,NA,NA
"Mayotte",2020,111540,40.9,38.5,43.2,NA,NA,NA,NA
"Melanesia",2005,103881,1.3,1.4,1.1,NA,NA,NA,NA
"Melanesia",2010,110691,1.2,1.3,1.1,NA,NA,NA,NA
"Melanesia",2015,119343,1.2,1.3,1.1,NA,NA,NA,NA
"Melanesia",2020,124073,1.1,1.2,1,NA,NA,NA,NA
"Mexico",2005,712648,0.7,0.7,0.7,3229,161,NA,3390
"Mexico",2010,969710,0.8,0.9,0.8,1395,172,6,1573
"Mexico",2015,1013691,0.8,0.9,0.8,2158,NA,68,2226
"Mexico",2020,1197624,0.9,1,0.9,34965,78642,91259,204866
"Micronesia",2005,128390,25.8,25.3,26.2,NA,NA,NA,NA
"Micronesia",2010,114743,22.8,22.6,22.9,NA,NA,NA,NA
"Micronesia",2015,113466,21.7,21.7,21.7,NA,NA,NA,NA
"Micronesia",2020,118860,21.7,21.7,21.6,NA,NA,NA,NA
"Micronesia (Fed. States of)",2005,2905,2.7,2.9,2.6,NA,NA,NA,NA
"Micronesia (Fed. States of)",2010,2806,2.7,2.9,2.6,NA,NA,NA,NA
"Micronesia (Fed. States of)",2015,2756,2.5,2.7,2.4,NA,34,NA,34
"Micronesia (Fed. States of)",2020,2832,2.5,2.6,2.3,NA,NA,NA,NA
"Middle Africa",2005,1961951,1.8,1.8,1.7,NA,NA,NA,NA
"Middle Africa",2010,2436802,1.9,1.9,1.8,NA,NA,NA,NA
"Middle Africa",2015,3479911,2.3,2.4,2.1,NA,NA,NA,NA
"Middle Africa",2020,3861568,2.2,2.3,2,NA,NA,NA,NA
"Monaco",2005,21312,63,NA,NA,NA,NA,NA,NA
"Monaco",2010,21132,59.3,NA,NA,NA,1,NA,1
"Monaco",2015,25983,68.9,NA,NA,33,NA,NA,33
"Monaco",2020,26601,67.8,NA,NA,25,NA,NA,25
"Mongolia",2005,11477,0.5,0.6,0.3,NA,2,581,583
"Mongolia",2010,16062,0.6,0.9,0.3,12,1,260,273
"Mongolia",2015,19886,0.7,0.9,0.4,11,5,16,32
"Mongolia",2020,21345,0.7,0.9,0.4,6,6,27,39
"Montenegro",2010,78512,12.6,10.3,14.8,16364,5,1886,18255
"Montenegro",2015,71719,11.4,9.1,13.7,6203,7,13602,19812
"Montenegro",2020,70999,11.3,9,13.5,196,210,12393,12799
"Montserrat",2005,1244,25.7,NA,NA,NA,NA,NA,NA
"Montserrat",2010,1291,26.4,NA,NA,NA,14,NA,14
"Montserrat",2015,1351,27.2,NA,NA,NA,NA,NA,NA
"Montserrat",2020,1379,27.6,NA,NA,NA,NA,NA,NA
"Morocco",2005,56222,0.2,0.2,0.2,219,1843,4,2066
"Morocco",2010,71189,0.2,0.2,0.2,792,280,NA,1072
"Morocco",2015,92424,0.3,0.3,0.3,2144,2216,NA,4360
"Morocco",2020,102358,0.3,0.3,0.3,7400,3631,NA,11031
"Mozambique",2005,268694,1.3,1.3,1.3,1954,4015,40,6009
"Mozambique",2010,306471,1.3,1.3,1.3,4077,5914,1,9992
"Mozambique",2015,321794,1.2,1.2,1.2,4552,14257,7,18816
"Mozambique",2020,338850,1.1,1.1,1.1,4741,21570,305845,332156
"Myanmar",2005,83025,0.2,0.2,0.2,NA,NA,236495,236495
"Myanmar",2010,76414,0.2,0.2,0.1,NA,NA,859403,859403
"Myanmar",2015,73309,0.1,0.2,0.1,NA,NA,1466501,1466501
"Myanmar",2020,76446,0.1,0.2,0.1,NA,NA,800378,800378
"Namibia",2005,107347,5.5,6.2,5,5307,1073,2752,9132
"Namibia",2010,103826,4.9,5.4,4.4,7254,1421,93,8768
"Namibia",2015,101618,4.4,4.9,3.9,1659,1100,1684,4443
"Namibia",2020,109391,4.3,4.8,3.8,3304,2212,9,5525
"Nauru",2005,2253,22.9,NA,NA,NA,NA,NA,NA
"Nauru",2010,906,9.1,NA,NA,NA,NA,NA,NA
"Nauru",2015,1833,17.7,NA,NA,506,290,NA,796
"Nauru",2020,2201,20.3,NA,NA,1060,90,NA,1150
"Nepal",2005,680729,2.6,1.8,3.4,126436,1272,410929,538637
"Nepal",2010,581889,2.2,1.4,2.8,89808,938,800571,891317
"Nepal",2015,509471,1.9,1.3,2.4,36287,57,409,36753
"Nepal",2020,487564,1.7,1.1,2.2,19532,69,534,20135
"Netherlands (Kingdom of the)",2005,1736127,10.6,10.4,10.8,118189,14664,6872,139725
"Netherlands (Kingdom of the)",2010,1832510,11,10.6,11.3,74961,13053,2095,90109
"Netherlands (Kingdom of the)",2015,1996318,11.8,11.3,12.3,82494,8097,1951,92542
"Netherlands (Kingdom of the)",2020,2358333,13.8,13.3,14.2,92740,13348,1951,108039
"New Caledonia",2005,55405,23.4,25.1,21.8,NA,NA,NA,NA
"New Caledonia",2010,61158,24.1,25.7,22.5,NA,NA,NA,NA
"New Caledonia",2015,68881,25.4,26.5,24.3,NA,NA,NA,NA
"New Caledonia",2020,73141,25.6,26.7,24.5,NA,NA,NA,NA
"New Zealand",2005,839952,20.3,20.1,20.5,5307,396,6,5709
"New Zealand",2010,947443,21.7,21.4,22,2307,216,1,2524
"New Zealand",2015,1039736,22.5,22.2,22.9,1349,251,NA,1600
"New Zealand",2020,1381724,28.7,28.2,29.1,1769,569,NA,2338
"Nicaragua",2005,34919,0.6,0.7,0.6,227,1,NA,228
"Nicaragua",2010,37345,0.6,0.7,0.6,64,12,NA,76
"Nicaragua",2015,40261,0.6,0.7,0.6,361,25,5,391
"Nicaragua",2020,42167,0.6,0.7,0.6,327,131,549,1007
"Niger",2005,124509,0.9,0.9,1,301,48,37,386
"Niger",2010,126482,0.8,0.7,0.8,314,18,5,337
"Niger",2015,252998,1.3,1.2,1.3,82064,122,120000,202186
"Niger",2020,348056,1.4,1.3,1.5,225746,3870,312248,541864
"Nigeria",2005,969714,0.7,0.8,0.6,9019,420,3290,12729
"Nigeria",2010,990494,0.6,0.7,0.5,8747,1815,34,10596
"Nigeria",2015,1199115,0.7,0.7,0.6,1279,909,1508017,1510205
"Nigeria",2020,1308568,0.6,0.7,0.6,60845,1165,2627523,2689533
"Niue",2005,522,30.9,NA,NA,NA,NA,NA,NA
"Niue",2010,589,36.3,NA,NA,NA,NA,NA,NA
"Niue",2015,588,36.5,NA,NA,NA,NA,NA,NA
"Niue",2020,588,36.3,NA,NA,NA,NA,NA,NA
"North Macedonia",2005,127667,6.2,5.2,7.2,1274,723,2451,4448
"North Macedonia",2010,129701,6.3,5.2,7.3,1398,161,1731,3290
"North Macedonia",2015,130730,6.3,5.2,7.3,828,43,717,1588
"North Macedonia",2020,131311,6.3,5.3,7.4,308,61,17115,17484
"Northern Africa",2005,1749718,0.9,NA,NA,NA,NA,NA,NA
"Northern Africa",2010,1952040,1,NA,NA,NA,NA,NA,NA
"Northern Africa",2015,2138918,1,NA,NA,NA,NA,NA,NA
"Northern Africa",2020,3167926,1.3,NA,NA,NA,NA,NA,NA
"Northern America",2005,45363089,13.9,14,13.8,NA,NA,NA,NA
"Northern America",2010,50970524,14.8,14.7,15,NA,NA,NA,NA
"Northern America",2015,55633741,15.6,15.3,15.9,416385,238989,NA,655374
"Northern America",2020,58708795,15.9,15.5,16.3,NA,NA,NA,NA
"Northern Europe",2005,9588814,10,9.7,10.2,NA,NA,NA,NA
"Northern Europe",2010,11294937,11.3,11.1,11.4,NA,NA,NA,NA
"Northern Europe",2015,13191086,12.7,12.5,13,NA,NA,NA,NA
"Northern Europe",2020,14973861,14.1,13.8,14.4,NA,NA,NA,NA
"Northern Mariana Islands",2005,37542,66.4,NA,NA,NA,NA,NA,NA
"Northern Mariana Islands",2010,24168,44.8,NA,NA,NA,NA,NA,NA
"Northern Mariana Islands",2015,21648,38.8,NA,NA,NA,NA,NA,NA
"Northern Mariana Islands",2020,21843,38,NA,NA,NA,NA,NA,NA
"Norway",2005,361144,7.8,7.7,7.9,43034,NA,1143,44177
"Norway",2010,524601,10.7,10.9,10.5,40260,12473,3150,55883
"Norway",2015,746375,14.4,14.9,13.8,47043,5885,1997,54925
"Norway",2020,852238,15.7,16,15.4,51586,1177,2272,55035
"Oceania",2005,6024021,17.9,17.7,18,NA,NA,NA,NA
"Oceania",2010,7128598,19.3,19.1,19.5,NA,NA,NA,NA
"Oceania",2015,8072276,20.3,20.1,20.4,46963,24347,NA,71310
"Oceania",2020,9380653,22,21.7,22.2,71148,79595,NA,150743
"Oman",2005,666164,26.5,37.2,12.7,7,4,NA,11
"Oman",2010,816234,26.8,35.9,13,78,13,NA,91
"Oman",2015,1856226,43.5,55.8,20.5,122,268,NA,390
"Oman",2020,2372836,46.5,58.9,22.4,308,256,NA,564
"Pakistan",2005,3174558,2,2.1,1.9,1084694,3426,461123,1549243
"Pakistan",2010,3943681,2.2,2.2,2.1,1900621,2095,2248308,4151024
"Pakistan",2015,3506520,1.8,1.8,1.7,1540854,6103,1893008,3439965
"Pakistan",2020,3276580,1.5,1.6,1.4,1425483,9713,100752,1535948
"Palau",2005,6043,30.5,NA,NA,NA,NA,NA,NA
"Palau",2010,5490,30.6,NA,NA,NA,NA,NA,NA
"Palau",2015,4937,27.9,NA,NA,1,NA,NA,1
"Palau",2020,5088,28.1,NA,NA,NA,NA,NA,NA
"Panama",2005,109461,3.3,3.3,3.3,1730,433,10273,12436
"Panama",2010,157788,4.3,4.4,4.2,17073,479,6,17558
"Panama",2015,184710,4.7,4.8,4.5,17303,2038,2,19343
"Panama",2020,313165,7.3,7.7,6.8,2552,15243,117465,135260
"Papua New Guinea",2005,29971,0.5,0.5,0.4,9999,4,135,10138
"Papua New Guinea",2010,30425,0.4,0.5,0.3,9698,1,NA,9699
"Papua New Guinea",2015,30940,0.4,0.5,0.3,9510,400,NA,9910
"Papua New Guinea",2020,31068,0.3,0.4,0.3,9696,129,NA,9825
"Paraguay",2005,168243,2.9,3,2.8,50,8,NA,58
"Paraguay",2010,160299,2.6,2.6,2.5,107,8,NA,115
"Paraguay",2015,156462,2.3,2.4,2.3,161,39,NA,200
"Paraguay",2020,169567,2.4,2.4,2.3,1016,1514,3349,5879
"Peru",2005,77877,0.3,0.3,0.3,848,336,1,1185
"Peru",2010,104706,0.4,0.4,0.3,1146,264,1,1411
"Peru",2015,154774,0.5,0.6,0.4,1407,366,NA,1773
"Peru",2020,1224519,3.7,3.9,3.5,2935,500678,607140,1110753
"Philippines",2005,257468,0.3,0.3,0.3,96,42,775,913
"Philippines",2010,208599,0.2,0.2,0.2,243,73,139577,139893
"Philippines",2015,211862,0.2,0.2,0.2,254,163,385746,386163
"Philippines",2020,225525,0.2,0.2,0.2,728,338,375464,376530
"Poland",2005,722509,1.9,1.6,2.1,4604,1627,75,6306
"Poland",2010,642417,1.7,1.4,1.9,15555,2126,763,18444
"Poland",2015,611855,1.6,1.4,1.8,15741,2470,10825,29036
"Poland",2020,817254,2.2,2.1,2.2,12792,3316,1328,17436
"Polynesia",2005,73768,11.4,12.1,10.7,NA,NA,NA,NA
"Polynesia",2010,72741,11.1,11.7,10.4,NA,NA,NA,NA
"Polynesia",2015,70001,10.5,11.1,9.9,NA,NA,NA,NA
"Polynesia",2020,70136,10.3,10.9,9.6,NA,NA,NA,NA
"Portugal",2005,771184,7.3,7.4,7.3,363,NA,NA,363
"Portugal",2010,762825,7.2,7.3,7.1,384,72,31,487
"Portugal",2015,864814,8.3,8.1,8.5,699,641,14,1354
"Portugal",2020,1001963,9.8,9.9,9.7,2353,479,14,2846
"Puerto Rico",2005,352144,9.7,9.6,9.8,NA,NA,NA,NA
"Puerto Rico",2010,304969,8.5,8.3,8.7,NA,NA,NA,NA
"Puerto Rico",2015,280494,8.3,8.1,8.5,NA,NA,NA,NA
"Puerto Rico",2020,247132,8.6,8.5,8.8,NA,NA,NA,NA
"Qatar",2005,646026,74.6,85.3,52.6,46,28,NA,74
"Qatar",2010,1456413,78.5,85,57.2,51,16,1200,1267
"Qatar",2015,1687640,65.8,72.6,44.1,133,100,1200,1433
"Qatar",2020,2226192,77.3,85.1,53.6,203,100,1200,1503
"Republic of Korea",2005,486065,1,1.2,0.8,69,519,NA,588
"Republic of Korea",2010,919987,1.9,2.1,1.6,358,712,179,1249
"Republic of Korea",2015,1370905,2.7,3,2.4,1313,5102,200,6615
"Republic of Korea",2020,1728182,3.4,3.7,3,3356,25370,197,28923
"Republic of Moldova",2005,171122,4.1,3.4,4.8,84,148,1543,1775
"Republic of Moldova",2010,129488,3.2,2.7,3.6,148,81,2032,2261
"Republic of Moldova",2015,106374,2.6,2.2,3,389,164,6233,6786
"Republic of Moldova",2020,104438,2.6,2.2,2.9,431,80,3433,3944
"Romania",2005,145162,0.7,0.7,0.7,2056,264,400,2720
"Romania",2010,177211,0.9,0.9,0.9,1021,388,321,1730
"Romania",2015,281048,1.4,1.5,1.3,2426,138,294,2858
"Romania",2020,705310,3.7,4.1,3.2,3655,453,186,4294
"Russian Federation",2005,11667588,8.1,8.7,7.6,1523,292,481282,483097
"Russian Federation",2010,11194710,7.8,8.3,7.4,4922,1463,126170,132555
"Russian Federation",2015,11643276,8,8.5,7.6,315313,2423,113474,431210
"Russian Federation",2020,11636911,8,8.4,7.6,28909,661,63966,93536
"Rwanda",2005,423187,4.8,4.9,4.6,45206,4301,14849,64356
"Rwanda",2010,426901,4.3,4.3,4.2,55398,290,2,55690
"Rwanda",2015,514647,4.5,4.6,4.5,132743,253,2557,135553
"Rwanda",2020,513907,4,4.1,3.9,144194,338,5969,150501
"Réunion",2005,115076,14.5,15.2,13.9,NA,NA,NA,NA
"Réunion",2010,123029,14.8,15.6,14.1,NA,NA,NA,NA
"Réunion",2015,127209,14.7,15.4,14.1,NA,NA,NA,NA
"Réunion",2020,131769,14.7,15.4,14.1,NA,NA,NA,NA
"Saint Helena",2005,163,3,NA,NA,NA,NA,NA,NA
"Saint Helena",2010,248,4.8,NA,NA,NA,NA,NA,NA
"Saint Helena",2015,377,6.4,NA,NA,NA,NA,NA,NA
"Saint Helena",2020,437,7.2,NA,NA,NA,NA,NA,NA
"Saint Kitts and Nevis",2005,6682,14.3,NA,NA,NA,NA,NA,NA
"Saint Kitts and Nevis",2010,7245,14.8,NA,NA,NA,NA,NA,NA
"Saint Kitts and Nevis",2015,7443,14.5,NA,NA,1,NA,NA,1
"Saint Kitts and Nevis",2020,7725,14.5,NA,NA,4,NA,NA,4
"Saint Lucia",2005,9839,6,6,6,NA,NA,NA,NA
"Saint Lucia",2010,9050,5.2,5.1,5.3,NA,6,1,7
"Saint Lucia",2015,8673,4.8,4.7,4.9,2,2,60,64
"Saint Lucia",2020,8338,4.5,4.4,4.6,2,1,NA,3
"Saint Pierre and Miquelon",2005,1147,18.8,NA,NA,NA,NA,NA,NA
"Saint Pierre and Miquelon",2010,1017,16,NA,NA,NA,NA,NA,NA
"Saint Pierre and Miquelon",2015,986,16.5,NA,NA,NA,NA,NA,NA
"Saint Pierre and Miquelon",2020,998,17.2,NA,NA,NA,NA,NA,NA
"Saint Vincent & Grenadines",2005,4436,4.1,4,4.2,NA,NA,NA,NA
"Saint Vincent & Grenadines",2010,4569,4.2,4.2,4.3,NA,NA,NA,NA
"Saint Vincent & Grenadines",2015,4637,4.2,4.2,4.3,NA,NA,NA,NA
"Saint Vincent & Grenadines",2020,4738,4.3,4.3,4.2,NA,NA,38,38
"Samoa",2005,5746,3.2,3.2,3.2,NA,NA,NA,NA
"Samoa",2010,5122,2.8,2.7,2.8,NA,NA,NA,NA
"Samoa",2015,4255,2.2,2.2,2.3,NA,NA,NA,NA
"Samoa",2020,4021,2,2,2.1,NA,1,NA,1
"San Marino",2005,4218,14.4,NA,NA,NA,NA,NA,NA
"San Marino",2010,4880,15.6,NA,NA,NA,NA,NA,NA
"San Marino",2015,5195,15.6,NA,NA,NA,NA,NA,NA
"San Marino",2020,5543,16.3,NA,NA,NA,NA,NA,NA
"Sao Tome and Principe",2005,3433,2.2,2.2,2.1,NA,NA,NA,NA
"Sao Tome and Principe",2010,2700,1.5,1.5,1.5,NA,NA,NA,NA
"Sao Tome and Principe",2015,2394,1.2,1.2,1.2,NA,NA,NA,NA
"Sao Tome and Principe",2020,2139,1,1,1,NA,NA,NA,NA
"Saudi Arabia",2005,6501819,27.3,33.7,19.3,240701,212,70084,310997
"Saudi Arabia",2010,8429956,30.7,38.5,20.8,582,87,70000,70669
"Saudi Arabia",2015,10771366,34,41.4,24.2,211,93,70000,70304
"Saudi Arabia",2020,13454842,38.6,45.9,28.7,331,2604,70000,72935
"Senegal",2005,238298,2.1,2.3,2,20712,2629,12,23353
"Senegal",2010,256092,2,2.2,1.8,20672,2177,1401,24250
"Senegal",2015,266496,1.8,2,1.7,14304,2956,NA,17260
"Senegal",2020,274929,1.6,1.8,1.5,14345,1862,NA,16207
"Serbia",2005,854848,9.3,8.5,10.1,148264,33,338641,486938
"Serbia",2010,826275,9.2,8.3,10.1,73608,209,238810,312627
"Serbia",2015,807441,9.1,8.2,10,35309,464,223949,259722
"Serbia",2020,823011,9.4,8.5,10.3,26084,237,221053,247374
"Seychelles",2005,8997,10.1,13.1,7.2,NA,NA,NA,NA
"Seychelles",2010,11420,12.5,16.6,8.2,NA,NA,NA,NA
"Seychelles",2015,12791,13.5,18.3,8.3,NA,NA,NA,NA
"Seychelles",2020,13050,13.3,18.1,8.2,NA,NA,NA,NA
"Sierra Leone",2005,146227,2.6,2.7,2.4,59965,177,6202,66344
"Sierra Leone",2010,79265,1.2,1.4,1.1,8363,210,38,8611
"Sierra Leone",2015,58830,0.8,0.9,0.7,1371,16,NA,1387
"Sierra Leone",2020,53746,0.7,0.8,0.6,371,NA,1,372
"Singapore",2005,1710594,40.1,35.2,45.1,3,1,NA,4
"Singapore",2010,2164794,42.2,35.8,49.2,7,NA,NA,7
"Singapore",2015,2483405,44.4,37.5,52,NA,NA,1,1
"Singapore",2020,2523648,43.1,36.3,50.6,2,NA,1304,1306
"Sint Maarten (Dutch part)",2005,13099,39.2,NA,NA,NA,NA,NA,NA
"Sint Maarten (Dutch part)",2010,26203,76.7,NA,NA,1,3,NA,4
"Sint Maarten (Dutch part)",2015,27295,68.3,NA,NA,3,5,NA,8
"Sint Maarten (Dutch part)",2020,28845,67.3,NA,NA,8,2,1,11
"Slovakia",2005,130491,2.4,2.2,2.6,368,2707,NA,3075
"Slovakia",2010,146319,2.7,2.6,2.9,461,267,911,1639
"Slovakia",2015,177624,3.3,3.4,3.2,799,61,1671,2531
"Slovakia",2020,197161,3.6,3.8,3.4,991,41,1523,2555
"Slovenia",2005,217218,10.9,12,9.9,251,185,715,1151
"Slovenia",2010,253786,12.4,14.3,10.5,314,121,4119,4554
"Slovenia",2015,237616,11.5,13.1,9.9,283,43,4,330
"Slovenia",2020,277964,13.4,15.7,11,818,469,1,1288
"Solomon Islands",2005,3271,0.7,0.8,0.6,NA,NA,NA,NA
"Solomon Islands",2010,2760,0.5,0.6,0.5,NA,NA,NA,NA
"Solomon Islands",2015,2585,0.4,0.5,0.4,3,NA,NA,3
"Solomon Islands",2020,2520,0.4,0.4,0.3,NA,NA,NA,NA
"Somalia",2005,20768,0.2,0.2,0.2,493,98,4e+05,400591
"Somalia",2010,48106,0.4,0.4,0.4,1937,24111,1463780,1489828
"Somalia",2015,40990,0.3,0.3,0.3,3582,9320,1152073,1164975
"Somalia",2020,58590,0.4,0.4,0.3,14732,15263,2671806,2701801
"South Africa",2005,1351031,2.8,3.3,2.3,29714,140095,100,169909
"South Africa",2010,2114801,4.1,4.8,3.4,57899,171702,134,229735
"South Africa",2015,3231728,5.8,6.5,5.2,114512,798080,NA,912592
"South Africa",2020,2860495,4.8,5.6,4.1,78398,188296,NA,266694
"South America",2005,4530341,1.2,1.2,1.2,NA,NA,NA,NA
"South America",2010,5236667,1.3,1.3,1.3,NA,NA,NA,NA
"South America",2015,6080207,1.5,1.5,1.5,NA,NA,NA,NA
"South America",2020,10887474,2.5,2.6,2.5,NA,NA,NA,NA
"South Sudan",2010,230732,2.4,2.5,2.3,NA,NA,NA,NA
"South Sudan",2015,844112,7.9,8,7.7,265887,632,1792014,2058533
"South Sudan",2020,882252,7.9,7.9,7.8,302137,3787,1785030,2090954
"South-central Asia",2005,18854544,1.1,1.1,1.2,NA,NA,NA,NA
"South-central Asia",2010,19676783,1.1,1.1,1.1,NA,NA,NA,NA
"South-central Asia",2015,19266265,1,1,1.1,NA,NA,NA,NA
"South-central Asia",2020,19427576,1,0.9,1,NA,NA,NA,NA
"South-eastern Asia",2005,6750473,1.2,1.3,1.2,NA,NA,NA,NA
"South-eastern Asia",2010,8697936,1.5,1.5,1.4,NA,NA,NA,NA
"South-eastern Asia",2015,10161147,1.6,1.7,1.5,NA,NA,NA,NA
"South-eastern Asia",2020,10615377,1.6,1.7,1.5,NA,NA,NA,NA
"Southern Africa",2005,1582721,2.9,3.4,2.4,NA,NA,NA,NA
"Southern Africa",2010,2352541,4,4.7,3.4,NA,NA,NA,NA
"Southern Africa",2015,3477903,5.5,6.1,4.9,NA,NA,NA,NA
"Southern Africa",2020,3125072,4.6,5.3,3.9,NA,NA,NA,NA
"Southern Asia",2005,13618667,0.9,0.8,0.9,NA,NA,NA,NA
"Southern Asia",2010,14411845,0.8,0.8,0.9,NA,NA,NA,NA
"Southern Asia",2015,13873473,0.8,0.7,0.8,NA,NA,NA,NA
"Southern Asia",2020,13863534,0.7,0.7,0.7,NA,NA,NA,NA
"Southern Europe",2005,12004024,8,8,8,NA,NA,NA,NA
"Southern Europe",2010,16206273,10.6,10.5,10.6,NA,NA,NA,NA
"Southern Europe",2015,15815457,10.3,9.9,10.7,NA,NA,NA,NA
"Southern Europe",2020,17665688,11.6,11.2,12,NA,NA,NA,NA
"Spain",2005,4107226,9.3,9.9,8.8,5374,NA,27,5401
"Spain",2010,6280062,13.4,14,12.8,3820,2712,31,6563
"Spain",2015,5891208,12.6,12.6,12.7,5798,11020,440,17258
"Spain",2020,6842202,14.6,14.2,15,81222,117975,4885,204082
"Sri Lanka",2005,39526,0.2,0.2,0.2,106,121,351884,352111
"Sri Lanka",2010,38959,0.2,0.2,0.2,223,138,434903,435264
"Sri Lanka",2015,39706,0.2,0.2,0.2,848,461,50499,51808
"Sri Lanka",2020,40254,0.2,0.2,0.2,980,285,25320,26585
"State of Palestine",2005,274520,7.7,6.9,8.5,NA,NA,NA,NA
"State of Palestine",2010,273840,6.8,6.1,7.5,NA,NA,NA,NA
"State of Palestine",2015,273163,6,5.4,6.7,NA,NA,3,3
"State of Palestine",2020,272784,5.3,4.8,5.9,NA,NA,NA,NA
"Sub-Saharan Africa",2005,14290369,2,2.1,1.8,NA,NA,NA,NA
"Sub-Saharan Africa",2010,15854637,1.9,2,1.8,NA,NA,NA,NA
"Sub-Saharan Africa",2015,20721874,2.2,2.3,2.1,NA,NA,NA,NA
"Sub-Saharan Africa",2020,22221538,2,2.1,1.9,NA,NA,NA,NA
"Sudan",2005,546419,1.8,1.8,1.7,147256,4425,878067,1029748
"Sudan",2010,618709,1.8,1.8,1.8,178308,6046,1767167,1951521
"Sudan",2015,620523,1.6,1.6,1.6,356191,11448,2400270,2767909
"Sudan",2020,1379147,3.1,3.1,3.2,1058771,15290,1889519,2963580
"Suriname",2005,33662,6.7,7.3,6.2,NA,NA,NA,NA
"Suriname",2010,39713,7.5,8.1,6.9,1,7,NA,8
"Suriname",2015,43127,7.7,8.4,7,1,NA,NA,1
"Suriname",2020,47801,8.1,8.9,7.4,54,1854,NA,1908
"Sweden",2005,1125790,12.5,12,12.9,74915,15702,5785,96402
"Sweden",2010,1337214,14.2,13.9,14.6,82629,18635,9545,110809
"Sweden",2015,1602522,16.4,16.1,16.7,142207,56135,27167,225509
"Sweden",2020,2003908,19.8,19.9,19.8,251076,22916,30305,304297
"Switzerland",2005,1805437,24.4,25.5,23.4,48030,14428,990,63448
"Switzerland",2010,2075182,26.6,26.1,27,48813,12916,127,61856
"Switzerland",2015,2258196,27.2,26.9,27.6,69390,17085,76,86551
"Switzerland",2020,2491249,28.8,28.5,29.1,115204,7719,NA,122923
"Syrian Arab Republic",2005,882398,4.8,4.8,4.8,26089,1898,300001,327988
"Syrian Arab Republic",2010,1783595,8.3,8.4,8.2,1005472,2446,300194,1308112
"Syrian Arab Republic",2015,835716,4.6,4.7,4.6,149200,4839,7792500,7946539
"Syrian Arab Republic",2020,868711,5,4.9,5,15321,8767,6943081,6967169
"Tajikistan",2005,280466,4.1,3.6,4.7,1018,22,25,1065
"Tajikistan",2010,279808,3.7,3.2,4.2,3131,1656,2338,7125
"Tajikistan",2015,275101,3.3,2.8,3.7,1782,79,10082,11943
"Tajikistan",2020,276031,2.9,2.5,3.3,5208,623,6017,11848
"Thailand",2005,2195610,3.4,3.4,3.3,117053,32163,136,149352
"Thailand",2010,3234381,4.8,4.9,4.7,96675,10250,542505,649430
"Thailand",2015,3470220,5.1,5.2,4.9,110372,8166,506718,625256
"Thailand",2020,3632496,5.2,5.4,5.1,97706,846,474996,573548
"Timor-Leste",2005,11286,1.1,1.1,1.2,3,10,NA,13
"Timor-Leste",2010,11540,1.1,1.1,1.1,1,4,NA,5
"Timor-Leste",2015,8520,0.7,0.9,0.6,NA,NA,5,5
"Timor-Leste",2020,8399,0.6,0.8,0.5,NA,NA,NA,NA
"Togo",2005,204219,3.6,3.7,3.6,9287,420,9012,18719
"Togo",2010,255564,4,4.1,3.9,14051,151,5,14207
"Togo",2015,277384,3.8,3.8,3.7,21877,687,NA,22564
"Togo",2020,279936,3.4,3.4,3.3,12015,675,NA,12690
"Tokelau",2005,1003,82.7,NA,NA,NA,NA,NA,NA
"Tokelau",2010,1128,99.9,NA,NA,NA,NA,NA,NA
"Tokelau",2015,1185,95,NA,NA,NA,NA,NA,NA
"Tokelau",2020,1238,91.7,NA,NA,NA,NA,NA,NA
"Tonga",2005,4301,4.3,4.6,3.9,NA,NA,NA,NA
"Tonga",2010,4607,4.4,4.8,4.1,NA,3,NA,3
"Tonga",2015,3954,3.9,4.3,3.6,NA,NA,NA,NA
"Tonga",2020,3742,3.5,3.9,3.2,NA,1,NA,1
"Total, all countries or areas",2005,191446828,2.9,3,2.9,NA,NA,NA,NA
"Total, all countries or areas",2010,220983187,3.2,3.2,3.1,NA,NA,NA,NA
"Total, all countries or areas",2015,247958644,3.4,3.4,3.3,15097633,2343919,40518150,57959702
"Total, all countries or areas",2020,280598105,3.6,3.7,3.5,20677233,4177842,58976407,83831482
"Trinidad and Tobago",2005,44812,3.5,3.2,3.7,NA,NA,NA,NA
"Trinidad and Tobago",2010,48226,3.6,3.5,3.7,29,102,NA,131
"Trinidad and Tobago",2015,50021,3.7,3.6,3.7,121,59,NA,180
"Trinidad and Tobago",2020,78849,5.6,5.7,5.6,2646,15879,8358,26883
"Tunisia",2005,35040,0.3,0.4,0.3,87,26,NA,113
"Tunisia",2010,43172,0.4,0.4,0.4,89,23,3,115
"Tunisia",2015,56532,0.5,0.5,0.5,824,156,3,983
"Tunisia",2020,60145,0.5,0.5,0.5,2184,2508,42,4734
"Turkmenistan",2005,213053,4.5,4.3,4.6,11963,2,45,12010
"Turkmenistan",2010,197979,3.9,3.6,4.2,62,NA,20000,20062
"Turkmenistan",2015,196376,3.5,3.3,3.7,27,NA,7144,7171
"Turkmenistan",2020,194920,3.2,3.1,3.3,21,NA,3790,3811
"Turks and Caicos Islands",2005,13115,46.5,NA,NA,NA,NA,NA,NA
"Turks and Caicos Islands",2010,17216,52.7,NA,NA,NA,NA,NA,NA
"Turks and Caicos Islands",2015,22723,63.2,NA,NA,4,4,NA,8
"Turks and Caicos Islands",2020,25748,66.5,NA,NA,4,3,NA,7
"Tuvalu",2005,209,2.1,NA,NA,NA,NA,NA,NA
"Tuvalu",2010,220,2.1,NA,NA,NA,NA,NA,NA
"Tuvalu",2015,230,2.1,NA,NA,NA,NA,NA,NA
"Tuvalu",2020,239,2,NA,NA,NA,NA,NA,NA
"Türkiye",2005,1324108,2,1.9,2,2399,4872,1434,8705
"Türkiye",2010,1373749,1.9,1.8,2,10032,6715,1086,17833
"Türkiye",2015,4346197,5.5,6.2,4.9,1838848,145335,1086,1985269
"Türkiye",2020,6052652,7.2,7.5,6.9,3577477,328257,1,3905735
"Uganda",2005,593308,2.1,2.1,2.1,257256,1809,1636,260701
"Uganda",2010,492930,1.5,1.5,1.5,135801,20804,437775,594380
"Uganda",2015,851175,2.2,2.2,2.2,428397,38068,180000,646465
"Uganda",2020,1720313,3.8,3.7,3.8,1396780,28260,2351314,3776354
"Ukraine",2005,5050302,10.8,10,11.5,2346,1618,72896,76860
"Ukraine",2010,4818767,10.5,9.8,11.1,3022,2981,40357,46360
"Ukraine",2015,4915142,10.9,10.2,11.6,3232,6169,1417179,1426580
"Ukraine",2020,4997387,11.4,10.6,12.1,2218,2271,2449642,2454131
"United Arab Emirates",2005,3281115,71.5,74,65.7,104,79,NA,183
"United Arab Emirates",2010,7316697,85.6,85.4,86,538,86,NA,624
"United Arab Emirates",2015,7995126,86.3,90.3,76.8,424,378,NA,802
"United Arab Emirates",2020,8716332,88.1,93.9,75.2,1288,7231,135,8654
"United Kingdom",2005,5926156,9.8,9.5,10.1,303181,12500,909,316590
"United Kingdom",2010,7119664,11.2,11.1,11.4,238150,14880,229,253259
"United Kingdom",2015,8406996,12.8,12.4,13.1,117234,37829,16,155079
"United Kingdom",2020,9359587,13.8,13.3,14.3,134936,56476,184,191596
"United Rep. of Tanzania",2005,771153,2,2.5,1.5,548824,307,81519,630650
"United Rep. of Tanzania",2010,309847,0.7,0.7,0.7,109286,1247,163269,273802
"United Rep. of Tanzania",2015,384567,0.7,0.7,0.8,159014,1150,168019,328183
"United Rep. of Tanzania",2020,426017,0.7,0.7,0.7,239744,29599,23866,293209
"United States Virgin Islands",2005,56647,52.5,51.3,53.7,NA,NA,NA,NA
"United States Virgin Islands",2010,56684,53.4,52.6,54.2,NA,NA,NA,NA
"United States Virgin Islands",2015,56721,54,53.4,54.6,NA,NA,NA,NA
"United States Virgin Islands",2020,56753,54.3,53.9,54.7,NA,NA,NA,NA
"United States of America",2005,39258293,13.3,13.5,13.1,379340,169743,76,NA
"United States of America",2010,44183643,14.3,14.2,14.4,264569,6285,89,NA
"United States of America",2015,48178877,15,14.8,15.3,267222,224508,NA,491730
"United States of America",2020,50632836,15.3,14.9,15.6,348360,925659,NA,1274019
"Uruguay",2005,82317,2.5,2.4,2.6,121,9,NA,130
"Uruguay",2010,76303,2.3,2.1,2.4,189,40,NA,229
"Uruguay",2015,78799,2.3,2.2,2.4,289,68,NA,357
"Uruguay",2020,108267,3.1,3,3.2,563,12391,14238,27192
"Uzbekistan",2005,1329932,5,4.5,5.6,43950,587,5,44542
"Uzbekistan",2010,1220149,4.3,3.9,4.6,311,NA,2,313
"Uzbekistan",2015,1170873,3.8,3.5,4,118,NA,86703,86821
"Uzbekistan",2020,1162007,3.5,3.3,3.7,14,NA,92808,92822
"Vanuatu",2005,2800,1.3,1.3,1.4,NA,NA,NA,NA
"Vanuatu",2010,2991,1.3,1.2,1.3,4,NA,NA,4
"Vanuatu",2015,3186,1.2,1.2,1.2,NA,1,NA,1
"Vanuatu",2020,3257,1.1,1,1.1,NA,NA,NA,NA
"Venezuela (Boliv. Rep. of)",2005,1076474,4.1,4.1,4.1,408,5912,200001,206321
"Venezuela (Boliv. Rep. of)",2010,1347347,4.7,4.8,4.7,201547,15859,NA,217406
"Venezuela (Boliv. Rep. of)",2015,1404448,4.7,4.7,4.6,174191,704,NA,174895
"Venezuela (Boliv. Rep. of)",2020,1324193,4.7,4.7,4.6,67836,6,359493,427335
"Viet Nam",2005,51768,0.1,0.1,0,2357,NA,15000,17357
"Viet Nam",2010,61756,0.1,0.1,0.1,1928,NA,10200,12128
"Viet Nam",2015,72793,0.1,0.1,0.1,NA,NA,11000,11000
"Viet Nam",2020,76767,0.1,0.1,0.1,1,NA,30581,30582
"Wallis and Futuna Islands",2005,2191,14.7,NA,NA,NA,NA,NA,NA
"Wallis and Futuna Islands",2010,2111,16.6,NA,NA,NA,NA,NA,NA
"Wallis and Futuna Islands",2015,2050,16.7,NA,NA,NA,NA,NA,NA
"Wallis and Futuna Islands",2020,2040,18.1,NA,NA,NA,NA,NA,NA
"Western Africa",2005,5957048,2.2,2.4,2.1,NA,NA,NA,NA
"Western Africa",2010,6321637,2.1,2.2,1.9,NA,NA,NA,NA
"Western Africa",2015,7067138,2,2.1,1.9,NA,NA,NA,NA
"Western Africa",2020,7552097,1.9,2,1.8,NA,NA,NA,NA
"Western Asia",2005,21416086,10.4,12.6,8.2,NA,NA,NA,NA
"Western Asia",2010,30686394,13.2,16.6,9.6,NA,NA,NA,NA
"Western Asia",2015,39897174,15.5,19.2,11.4,NA,NA,NA,NA
"Western Asia",2020,46599820,16.7,20.6,12.4,NA,NA,NA,NA
"Western Europe",2005,22248336,12,12.1,11.8,NA,NA,NA,NA
"Western Europe",2010,24015264,12.8,12.8,12.8,NA,NA,NA,NA
"Western Europe",2015,25918551,13.5,13.4,13.6,NA,NA,NA,NA
"Western Europe",2020,33231117,16.9,17,16.9,NA,NA,NA,NA
"Western Sahara",2005,3891,0.9,1,0.8,NA,NA,NA,NA
"Western Sahara",2010,4493,0.9,1,0.8,NA,NA,NA,NA
"Western Sahara",2015,5179,1,1.1,0.8,NA,NA,NA,NA
"Western Sahara",2020,5424,0.9,1,0.8,NA,NA,NA,NA
"Yemen",2005,171871,0.9,1,0.7,81937,798,48,82783
"Yemen",2010,288394,1.2,1.3,1.2,190092,2557,315929,508578
"Yemen",2015,379882,1.4,1.5,1.4,263047,9902,1267590,1540539
"Yemen",2020,387113,1.3,1.5,1.1,272112,11377,3726533,4010022
"Zambia",2005,252895,2.1,2.2,2.1,155718,146,29833,185697
"Zambia",2010,149962,1.1,1.1,1.1,47857,325,9687,57869
"Zambia",2015,132107,0.8,0.8,0.8,25737,2606,23415,51758
"Zambia",2020,187955,1,1.1,1,61137,4448,23427,89012
"Zimbabwe",2005,402226,3.3,4,2.7,13850,118,7,13975
"Zimbabwe",2010,398307,3.1,3.8,2.6,4435,416,NA,4851
"Zimbabwe",2015,400482,2.9,3.4,2.4,6085,123,301883,308091
"Zimbabwe",2020,416141,2.8,3.3,2.3,9118,11766,271263,292147
